{
  "type": "FeatureCollection",
  "generator": "overpass-turbo",
  "copyright": "The data included in this document is from www.openstreetmap.org. The data is made available under ODbL.",
  "timestamp": "2026-03-24T07:51:59Z",
  "features": [
    {
      "type": "Feature",
      "properties": {
        "@id": "way/512740342",
        "building": "yes",
        "name": "Learning Hub",
        "name:en": "Learning Hub",
        "operator": "Universiti Teknologi Petronas (UTP)",
        "smoking": "no",
        "wheelchair": "yes"
      },
      "geometry": {
        "type": "Polygon",
        "coordinates": [
          [
            [
              100.9711634,
              4.383223
            ],
            [
              100.9711644,
              4.383052
            ],
            [
              100.9716311,
              4.3830546
            ],
            [
              100.9716301,
              4.3832256
            ],
            [
              100.9711634,
              4.383223
            ]
          ]
        ]
      },
      "id": "way/512740342"
    },
    {
      "type": "Feature",
      "properties": {
        "@id": "way/512740343",
        "building": "yes",
        "name": "CETaL",
        "name:en": "CETaL",
        "operator": "Universiti Teknologi Petronas (UTP)",
        "smoking": "no",
        "wheelchair": "yes"
      },
      "geometry": {
        "type": "Polygon",
        "coordinates": [
          [
            [
              100.971541,
              4.3840882
            ],
            [
              100.971238,
              4.3840872
            ],
            [
              100.9712393,
              4.3836964
            ],
            [
              100.9712084,
              4.3836963
            ],
            [
              100.9712085,
              4.383667
            ],
            [
              100.9711601,
              4.3836669
            ],
            [
              100.9711604,
              4.3835773
            ],
            [
              100.9712057,
              4.3835774
            ],
            [
              100.9712058,
              4.3835492
            ],
            [
              100.9712398,
              4.3835493
            ],
            [
              100.9712399,
              4.3835079
            ],
            [
              100.971286,
              4.383508
            ],
            [
              100.9712867,
              4.3832797
            ],
            [
              100.9715437,
              4.3832805
            ],
            [
              100.971541,
              4.3840882
            ]
          ]
        ]
      },
      "id": "way/512740343"
    },
    {
      "type": "Feature",
      "properties": {
        "@id": "way/771010869",
        "amenity": "place_of_worship",
        "building": "yes",
        "check_date": "2026-01-27",
        "name": "Surau V3",
        "name:ms": "Surau V3",
        "religion": "muslim"
      },
      "geometry": {
        "type": "Polygon",
        "coordinates": [
          [
            [
              100.9653641,
              4.3873226
            ],
            [
              100.9653252,
              4.3872203
            ],
            [
              100.9654119,
              4.3871956
            ],
            [
              100.9654491,
              4.3872926
            ],
            [
              100.9653641,
              4.3873226
            ]
          ]
        ]
      },
      "id": "way/771010869"
    },
    {
      "type": "Feature",
      "properties": {
        "@id": "way/776595300",
        "building": "apartments",
        "layer": "1",
        "name": "V6",
        "name:en": "V6",
        "operator": "Universiti Teknologi Petronas (UTP)"
      },
      "geometry": {
        "type": "Polygon",
        "coordinates": [
          [
            [
              100.9653612,
              4.3887999
            ],
            [
              100.9653827,
              4.3889811
            ],
            [
              100.9656816,
              4.3889504
            ],
            [
              100.9656816,
              4.3891347
            ],
            [
              100.9656569,
              4.3895955
            ],
            [
              100.9656816,
              4.3899887
            ],
            [
              100.9657586,
              4.3901884
            ],
            [
              100.9636234,
              4.3904127
            ],
            [
              100.9636142,
              4.3886247
            ],
            [
              100.964049,
              4.3887572
            ],
            [
              100.964527,
              4.3888344
            ],
            [
              100.9650638,
              4.3888475
            ],
            [
              100.9653612,
              4.3887999
            ]
          ]
        ]
      },
      "id": "way/776595300"
    },
    {
      "type": "Feature",
      "properties": {
        "@id": "way/823740780",
        "building": "yes",
        "name": "GDC UTP Plant Makhostia Sdn Bhd",
        "name:en": "GDC UTP Plant Makhostia Sdn Bhd",
        "operator": "Universiti Teknologi Petronas (UTP)"
      },
      "geometry": {
        "type": "Polygon",
        "coordinates": [
          [
            [
              100.9694013,
              4.3766652
            ],
            [
              100.9693638,
              4.3762185
            ],
            [
              100.9695783,
              4.3761744
            ],
            [
              100.9696171,
              4.3765078
            ],
            [
              100.9696347,
              4.3766585
            ],
            [
              100.9695301,
              4.3766652
            ],
            [
              100.9694013,
              4.3766652
            ]
          ]
        ]
      },
      "id": "way/823740780"
    },
    {
      "type": "Feature",
      "properties": {
        "@id": "way/1416212000",
        "building": "commercial",
        "name": "PMMD"
      },
      "geometry": {
        "type": "Polygon",
        "coordinates": [
          [
            [
              100.9679487,
              4.388811
            ],
            [
              100.9679694,
              4.3890824
            ],
            [
              100.9676159,
              4.3890824
            ],
            [
              100.9676048,
              4.3888348
            ],
            [
              100.967807,
              4.38883
            ],
            [
              100.9679487,
              4.388811
            ]
          ]
        ]
      },
      "id": "way/1416212000"
    },
    {
      "type": "Feature",
      "properties": {
        "@id": "way/1483702548",
        "building": "residential",
        "name": "Village 6"
      },
      "geometry": {
        "type": "Polygon",
        "coordinates": [
          [
            [
              100.9640539,
              4.3899449
            ],
            [
              100.9640656,
              4.3895721
            ],
            [
              100.9642931,
              4.3895737
            ],
            [
              100.9644138,
              4.3896169
            ],
            [
              100.9655529,
              4.3895442
            ],
            [
              100.9655688,
              4.389885
            ],
            [
              100.9640539,
              4.3899449
            ]
          ]
        ]
      },
      "id": "way/1483702548"
    },
    {
      "type": "Feature",
      "properties": {
        "@id": "way/1483702550",
        "building": "commercial",
        "layer": "1",
        "name": "Nadi@UTP"
      },
      "geometry": {
        "type": "Polygon",
        "coordinates": [
          [
            [
              100.9660161,
              4.3895264
            ],
            [
              100.9659557,
              4.3895285
            ],
            [
              100.965863,
              4.3890022
            ],
            [
              100.966295,
              4.3889237
            ],
            [
              100.9663475,
              4.389312
            ],
            [
              100.9663856,
              4.389527
            ],
            [
              100.9662531,
              4.3895281
            ],
            [
              100.96625,
              4.3899016
            ],
            [
              100.9660053,
              4.3899052
            ],
            [
              100.9660161,
              4.3895264
            ]
          ]
        ]
      },
      "id": "way/1483702550"
    },
    {
      "type": "Feature",
      "properties": {
        "@id": "way/182967310",
        "highway": "path",
        "smoothness": "good",
        "source": "gps",
        "surface": "concrete"
      },
      "geometry": {
        "type": "LineString",
        "coordinates": [
          [
            100.9702823,
            4.3825503
          ],
          [
            100.9702321,
            4.3826142
          ],
          [
            100.9702317,
            4.3827576
          ],
          [
            100.9702683,
            4.382907
          ],
          [
            100.9702992,
            4.38299
          ],
          [
            100.9703214,
            4.3830503
          ],
          [
            100.9704266,
            4.3831706
          ]
        ]
      },
      "id": "way/182967310"
    },
    {
      "type": "Feature",
      "properties": {
        "@id": "way/229370371",
        "highway": "pedestrian",
        "surface": "asphalt"
      },
      "geometry": {
        "type": "LineString",
        "coordinates": [
          [
            100.9687175,
            4.3859045
          ],
          [
            100.968507,
            4.3859254
          ],
          [
            100.9681766,
            4.3859457
          ],
          [
            100.9681347,
            4.385942
          ],
          [
            100.9680516,
            4.3859367
          ],
          [
            100.9678909,
            4.3859451
          ]
        ]
      },
      "id": "way/229370371"
    },
    {
      "type": "Feature",
      "properties": {
        "@id": "way/787357974",
        "bridge": "yes",
        "highway": "footway",
        "layer": "1"
      },
      "geometry": {
        "type": "LineString",
        "coordinates": [
          [
            100.9804453,
            4.3869873
          ],
          [
            100.9808925,
            4.3869792
          ]
        ]
      },
      "id": "way/787357974"
    },
    {
      "type": "Feature",
      "properties": {
        "@id": "way/787357975",
        "highway": "steps",
        "incline": "down"
      },
      "geometry": {
        "type": "LineString",
        "coordinates": [
          [
            100.9804453,
            4.3869873
          ],
          [
            100.9804412,
            4.3869387
          ]
        ]
      },
      "id": "way/787357975"
    },
    {
      "type": "Feature",
      "properties": {
        "@id": "way/787357976",
        "highway": "steps",
        "incline": "down"
      },
      "geometry": {
        "type": "LineString",
        "coordinates": [
          [
            100.9808925,
            4.3869792
          ],
          [
            100.9808917,
            4.3870203
          ]
        ]
      },
      "id": "way/787357976"
    },
    {
      "type": "Feature",
      "properties": {
        "@id": "way/1383767188",
        "highway": "footway"
      },
      "geometry": {
        "type": "LineString",
        "coordinates": [
          [
            100.9742648,
            4.382799
          ],
          [
            100.9741154,
            4.3827849
          ],
          [
            100.9740081,
            4.3827982
          ],
          [
            100.9739316,
            4.3828257
          ]
        ]
      },
      "id": "way/1383767188"
    },
    {
      "type": "Feature",
      "properties": {
        "@id": "way/1383767189",
        "highway": "footway"
      },
      "geometry": {
        "type": "LineString",
        "coordinates": [
          [
            100.9725758,
            4.3830931
          ],
          [
            100.9726153,
            4.3830356
          ],
          [
            100.9726529,
            4.3829808
          ],
          [
            100.9727468,
            4.3828905
          ],
          [
            100.9729291,
            4.3828103
          ],
          [
            100.9729969,
            4.3828023
          ],
          [
            100.9730894,
            4.3828002
          ],
          [
            100.97365,
            4.3828083
          ],
          [
            100.9736807,
            4.3828162
          ],
          [
            100.9737506,
            4.3828584
          ],
          [
            100.9737787,
            4.3828704
          ],
          [
            100.9738076,
            4.3828738
          ],
          [
            100.9738371,
            4.3828684
          ],
          [
            100.9739316,
            4.3828257
          ]
        ]
      },
      "id": "way/1383767189"
    },
    {
      "type": "Feature",
      "properties": {
        "@id": "way/1445460017",
        "highway": "footway"
      },
      "geometry": {
        "type": "LineString",
        "coordinates": [
          [
            100.9790322,
            4.3821858
          ],
          [
            100.9790843,
            4.3821336
          ],
          [
            100.9791586,
            4.3820645
          ]
        ]
      },
      "id": "way/1445460017"
    },
    {
      "type": "Feature",
      "properties": {
        "@id": "way/1445460018",
        "bridge": "yes",
        "highway": "footway",
        "layer": "1"
      },
      "geometry": {
        "type": "LineString",
        "coordinates": [
          [
            100.979341,
            4.3819612
          ],
          [
            100.9794652,
            4.3818722
          ]
        ]
      },
      "id": "way/1445460018"
    },
    {
      "type": "Feature",
      "properties": {
        "@id": "way/1445460019",
        "highway": "footway"
      },
      "geometry": {
        "type": "LineString",
        "coordinates": [
          [
            100.9791981,
            4.3822172
          ],
          [
            100.9791586,
            4.3820645
          ],
          [
            100.9792452,
            4.3820193
          ],
          [
            100.979341,
            4.3819612
          ]
        ]
      },
      "id": "way/1445460019"
    },
    {
      "type": "Feature",
      "properties": {
        "@id": "way/1445460020",
        "highway": "footway"
      },
      "geometry": {
        "type": "LineString",
        "coordinates": [
          [
            100.9794652,
            4.3818722
          ],
          [
            100.9795053,
            4.3818208
          ],
          [
            100.9794946,
            4.3817406
          ],
          [
            100.9794536,
            4.3815908
          ],
          [
            100.9793276,
            4.3811334
          ],
          [
            100.9791505,
            4.3806534
          ],
          [
            100.9788743,
            4.380279
          ],
          [
            100.9786691,
            4.3800517
          ],
          [
            100.9784465,
            4.3799246
          ],
          [
            100.9781823,
            4.3796452
          ],
          [
            100.9780361,
            4.379593
          ],
          [
            100.9778523,
            4.3796518
          ],
          [
            100.9776109,
            4.3797588
          ],
          [
            100.9772569,
            4.3799474
          ],
          [
            100.9769283,
            4.38041
          ],
          [
            100.9766521,
            4.3806748
          ],
          [
            100.9765112,
            4.3809101
          ],
          [
            100.976475,
            4.3814116
          ],
          [
            100.9765533,
            4.381637
          ],
          [
            100.9765729,
            4.381794
          ],
          [
            100.9766333,
            4.382028
          ],
          [
            100.9767694,
            4.3823637
          ]
        ]
      },
      "id": "way/1445460020"
    },
    {
      "type": "Feature",
      "properties": {
        "@id": "way/1445460021",
        "highway": "footway"
      },
      "geometry": {
        "type": "LineString",
        "coordinates": [
          [
            100.9782808,
            4.3822059
          ],
          [
            100.9786329,
            4.3822166
          ],
          [
            100.9790322,
            4.3821858
          ],
          [
            100.9791981,
            4.3822172
          ],
          [
            100.9793698,
            4.3822828
          ],
          [
            100.9794509,
            4.382363
          ],
          [
            100.979505,
            4.3825351
          ],
          [
            100.9795368,
            4.3828023
          ],
          [
            100.9795616,
            4.3831045
          ],
          [
            100.9796092,
            4.383307
          ],
          [
            100.9796615,
            4.3835798
          ]
        ]
      },
      "id": "way/1445460021"
    },
    {
      "type": "Feature",
      "properties": {
        "@id": "way/1445460022",
        "bridge": "yes",
        "highway": "footway",
        "layer": "1"
      },
      "geometry": {
        "type": "LineString",
        "coordinates": [
          [
            100.977969,
            4.3822159
          ],
          [
            100.9782808,
            4.3822059
          ]
        ]
      },
      "id": "way/1445460022"
    },
    {
      "type": "Feature",
      "properties": {
        "@id": "way/1445460023",
        "highway": "footway"
      },
      "geometry": {
        "type": "LineString",
        "coordinates": [
          [
            100.9756153,
            4.383875
          ],
          [
            100.9757173,
            4.3838239
          ],
          [
            100.9757334,
            4.3837222
          ],
          [
            100.9756395,
            4.3835992
          ],
          [
            100.9756073,
            4.3834842
          ],
          [
            100.9756804,
            4.3833331
          ],
          [
            100.9757958,
            4.3831974
          ],
          [
            100.9759027,
            4.3831021
          ],
          [
            100.9761022,
            4.3829386
          ],
          [
            100.9762437,
            4.3828043
          ],
          [
            100.9766279,
            4.38247
          ],
          [
            100.9767694,
            4.3823637
          ],
          [
            100.9770148,
            4.3822493
          ],
          [
            100.9772479,
            4.3822194
          ],
          [
            100.9775493,
            4.3822045
          ],
          [
            100.977969,
            4.3822159
          ]
        ]
      },
      "id": "way/1445460023"
    },
    {
      "type": "Feature",
      "properties": {
        "@id": "way/1446357974",
        "highway": "footway"
      },
      "geometry": {
        "type": "LineString",
        "coordinates": [
          [
            100.9761107,
            4.3848715
          ],
          [
            100.9761304,
            4.3849712
          ],
          [
            100.9761572,
            4.3850487
          ],
          [
            100.9762283,
            4.3851396
          ],
          [
            100.9762241,
            4.3851915
          ]
        ]
      },
      "id": "way/1446357974"
    },
    {
      "type": "Feature",
      "properties": {
        "@id": "way/1446357975",
        "highway": "footway"
      },
      "geometry": {
        "type": "LineString",
        "coordinates": [
          [
            100.9763449,
            4.3845754
          ],
          [
            100.976177,
            4.3847201
          ]
        ]
      },
      "id": "way/1446357975"
    },
    {
      "type": "Feature",
      "properties": {
        "@id": "way/1446357976",
        "highway": "footway"
      },
      "geometry": {
        "type": "LineString",
        "coordinates": [
          [
            100.9761572,
            4.3843213
          ],
          [
            100.9759332,
            4.3843849
          ]
        ]
      },
      "id": "way/1446357976"
    },
    {
      "type": "Feature",
      "properties": {
        "@id": "way/1446357977",
        "highway": "footway"
      },
      "geometry": {
        "type": "LineString",
        "coordinates": [
          [
            100.9762323,
            4.3839496
          ],
          [
            100.9763262,
            4.3838854
          ],
          [
            100.9764549,
            4.3838025
          ],
          [
            100.9765756,
            4.383749
          ],
          [
            100.9766963,
            4.3837222
          ],
          [
            100.9768385,
            4.3837035
          ],
          [
            100.9769699,
            4.3837089
          ],
          [
            100.9771067,
            4.3837463
          ],
          [
            100.977222,
            4.3837998
          ],
          [
            100.9773105,
            4.38388
          ],
          [
            100.9773776,
            4.3839843
          ],
          [
            100.9774205,
            4.384094
          ],
          [
            100.9774205,
            4.3841849
          ],
          [
            100.9774017,
            4.3842812
          ],
          [
            100.9773481,
            4.3843721
          ],
          [
            100.9772918,
            4.384439
          ],
          [
            100.9771684,
            4.3845352
          ],
          [
            100.9769967,
            4.3846235
          ],
          [
            100.9767982,
            4.3846663
          ],
          [
            100.9766507,
            4.384669
          ],
          [
            100.9764817,
            4.3846315
          ],
          [
            100.9763449,
            4.3845754
          ],
          [
            100.9762296,
            4.3844844
          ],
          [
            100.9761572,
            4.3843213
          ],
          [
            100.9761491,
            4.3842277
          ],
          [
            100.9761572,
            4.3841314
          ],
          [
            100.9761894,
            4.3840298
          ],
          [
            100.9762323,
            4.3839496
          ]
        ]
      },
      "id": "way/1446357977"
    },
    {
      "type": "Feature",
      "properties": {
        "@id": "way/1446357978",
        "highway": "footway"
      },
      "geometry": {
        "type": "LineString",
        "coordinates": [
          [
            100.9758083,
            4.3839947
          ],
          [
            100.9759721,
            4.3839736
          ],
          [
            100.9762323,
            4.3839496
          ]
        ]
      },
      "id": "way/1446357978"
    },
    {
      "type": "Feature",
      "properties": {
        "@id": "way/1446357979",
        "highway": "footway"
      },
      "geometry": {
        "type": "LineString",
        "coordinates": [
          [
            100.9782128,
            4.3856147
          ],
          [
            100.978134,
            4.3855568
          ],
          [
            100.9780347,
            4.3853322
          ],
          [
            100.978016,
            4.3851691
          ],
          [
            100.9779757,
            4.3850514
          ],
          [
            100.9778792,
            4.3849337
          ],
          [
            100.9777585,
            4.384792
          ],
          [
            100.9776431,
            4.3845994
          ],
          [
            100.9775975,
            4.3844818
          ],
          [
            100.9775814,
            4.3842491
          ],
          [
            100.9775519,
            4.383995
          ],
          [
            100.9774446,
            4.3837329
          ],
          [
            100.9773588,
            4.3835778
          ],
          [
            100.9773642,
            4.3835324
          ],
          [
            100.9774286,
            4.3833184
          ],
          [
            100.9774098,
            4.3832195
          ],
          [
            100.9770665,
            4.3828932
          ],
          [
            100.9769753,
            4.3828023
          ],
          [
            100.9769431,
            4.3827541
          ],
          [
            100.9769779,
            4.3826445
          ],
          [
            100.976986,
            4.382591
          ],
          [
            100.9767694,
            4.3823637
          ]
        ]
      },
      "id": "way/1446357979"
    },
    {
      "type": "Feature",
      "properties": {
        "@id": "way/1466781583",
        "highway": "footway"
      },
      "geometry": {
        "type": "LineString",
        "coordinates": [
          [
            100.978134,
            4.3855568
          ],
          [
            100.977674,
            4.3855154
          ],
          [
            100.9771791,
            4.3854164
          ],
          [
            100.9767835,
            4.3853068
          ],
          [
            100.9762283,
            4.3851396
          ]
        ]
      },
      "id": "way/1466781583"
    },
    {
      "type": "Feature",
      "properties": {
        "@id": "way/1484083432",
        "highway": "footway",
        "layer": "-1"
      },
      "geometry": {
        "type": "LineString",
        "coordinates": [
          [
            100.9702321,
            4.3826142
          ],
          [
            100.9703857,
            4.3820721
          ],
          [
            100.9698384,
            4.3819395
          ],
          [
            100.9692358,
            4.3818841
          ],
          [
            100.9690004,
            4.3818624
          ],
          [
            100.9685201,
            4.3819332
          ],
          [
            100.9683005,
            4.3819655
          ],
          [
            100.9682443,
            4.3819956
          ],
          [
            100.9677206,
            4.3822753
          ],
          [
            100.9674879,
            4.3823996
          ],
          [
            100.9672483,
            4.3827608
          ],
          [
            100.9669531,
            4.3832056
          ],
          [
            100.9668666,
            4.38398
          ],
          [
            100.9667475,
            4.3847112
          ],
          [
            100.9666581,
            4.3849091
          ],
          [
            100.9666978,
            4.3849982
          ],
          [
            100.9665936,
            4.3852406
          ],
          [
            100.9665587,
            4.38589
          ],
          [
            100.9664756,
            4.3861236
          ],
          [
            100.9664271,
            4.38626
          ],
          [
            100.9662535,
            4.3864211
          ],
          [
            100.9659124,
            4.386427
          ],
          [
            100.965697,
            4.3865165
          ],
          [
            100.9656279,
            4.3865343
          ],
          [
            100.9653473,
            4.3866065
          ],
          [
            100.9650778,
            4.3865561
          ],
          [
            100.9650066,
            4.3865168
          ],
          [
            100.9649575,
            4.3864897
          ],
          [
            100.964766,
            4.3863839
          ],
          [
            100.964547,
            4.3862369
          ],
          [
            100.9643785,
            4.3865393
          ],
          [
            100.9642185,
            4.3868711
          ],
          [
            100.96405,
            4.3871525
          ],
          [
            100.9640253,
            4.3871998
          ],
          [
            100.9638641,
            4.3875079
          ],
          [
            100.9637013,
            4.3878452
          ],
          [
            100.9635572,
            4.38807
          ],
          [
            100.9640253,
            4.3871998
          ],
          [
            100.9643785,
            4.3865393
          ],
          [
            100.964547,
            4.3862369
          ],
          [
            100.9650066,
            4.3865168
          ],
          [
            100.9650778,
            4.3865561
          ],
          [
            100.9653473,
            4.3866065
          ],
          [
            100.9656279,
            4.3865343
          ],
          [
            100.965697,
            4.3865165
          ],
          [
            100.9659124,
            4.386427
          ],
          [
            100.9662535,
            4.3864211
          ],
          [
            100.9664271,
            4.38626
          ],
          [
            100.9664756,
            4.3861236
          ],
          [
            100.9665587,
            4.38589
          ],
          [
            100.9665936,
            4.3852406
          ],
          [
            100.9666978,
            4.3849982
          ],
          [
            100.9666581,
            4.3849091
          ],
          [
            100.9667475,
            4.3847112
          ],
          [
            100.9668666,
            4.38398
          ],
          [
            100.9669531,
            4.3832056
          ],
          [
            100.9664606,
            4.3826931
          ],
          [
            100.9660301,
            4.382384
          ],
          [
            100.9654847,
            4.3822065
          ],
          [
            100.9647327,
            4.382218
          ],
          [
            100.9643423,
            4.3824298
          ],
          [
            100.9639692,
            4.3827045
          ],
          [
            100.9637625,
            4.3829392
          ],
          [
            100.9643423,
            4.3824298
          ],
          [
            100.9645731,
            4.382054
          ],
          [
            100.9646868,
            4.3818688
          ],
          [
            100.964783,
            4.3815372
          ],
          [
            100.9648509,
            4.3809359
          ],
          [
            100.964749,
            4.3804362
          ],
          [
            100.964766,
            4.3809189
          ],
          [
            100.9647679,
            4.3809883
          ],
          [
            100.964783,
            4.3815372
          ],
          [
            100.9646868,
            4.3818688
          ],
          [
            100.9645731,
            4.382054
          ],
          [
            100.9643423,
            4.3824298
          ],
          [
            100.9647327,
            4.382218
          ],
          [
            100.9654847,
            4.3822065
          ],
          [
            100.9660301,
            4.382384
          ],
          [
            100.9664606,
            4.3826931
          ],
          [
            100.9669531,
            4.3832056
          ],
          [
            100.9674879,
            4.3823996
          ],
          [
            100.9683005,
            4.3819655
          ],
          [
            100.9683843,
            4.3815964
          ],
          [
            100.9679936,
            4.3813254
          ],
          [
            100.9676539,
            4.3810036
          ],
          [
            100.967518,
            4.3805209
          ],
          [
            100.9673396,
            4.3800297
          ],
          [
            100.9676539,
            4.3810036
          ],
          [
            100.9679936,
            4.3813254
          ],
          [
            100.9683843,
            4.3815964
          ],
          [
            100.9690004,
            4.3818624
          ],
          [
            100.9692358,
            4.3818841
          ],
          [
            100.9698384,
            4.3819395
          ],
          [
            100.9703857,
            4.3820721
          ],
          [
            100.9702823,
            4.3825503
          ],
          [
            100.9702321,
            4.3826142
          ]
        ]
      },
      "id": "way/1484083432"
    },
    {
      "type": "Feature",
      "properties": {
        "@id": "way/1484083433",
        "highway": "footway"
      },
      "geometry": {
        "type": "LineString",
        "coordinates": [
          [
            100.9703857,
            4.3820721
          ],
          [
            100.9704372,
            4.3820886
          ],
          [
            100.9713824,
            4.3823919
          ],
          [
            100.9721014,
            4.3827308
          ],
          [
            100.9726153,
            4.3830356
          ],
          [
            100.9728437,
            4.3831711
          ],
          [
            100.9736653,
            4.383927
          ],
          [
            100.9742649,
            4.3844477
          ],
          [
            100.974913,
            4.3849171
          ],
          [
            100.975063,
            4.3849783
          ],
          [
            100.9750324,
            4.3850277
          ],
          [
            100.9749755,
            4.3851195
          ],
          [
            100.9749198,
            4.3852095
          ],
          [
            100.9746456,
            4.3856898
          ]
        ]
      },
      "id": "way/1484083433"
    },
    {
      "type": "Feature",
      "properties": {
        "@id": "way/1484083434",
        "highway": "footway"
      },
      "geometry": {
        "type": "LineString",
        "coordinates": [
          [
            100.9669531,
            4.3832056
          ],
          [
            100.9663783,
            4.3833766
          ]
        ]
      },
      "id": "way/1484083434"
    },
    {
      "type": "Feature",
      "properties": {
        "@id": "way/1484083435",
        "highway": "footway"
      },
      "geometry": {
        "type": "LineString",
        "coordinates": [
          [
            100.9664606,
            4.3826931
          ],
          [
            100.9660691,
            4.3830879
          ]
        ]
      },
      "id": "way/1484083435"
    },
    {
      "type": "Feature",
      "properties": {
        "@id": "way/1484083436",
        "highway": "footway"
      },
      "geometry": {
        "type": "LineString",
        "coordinates": [
          [
            100.9660301,
            4.382384
          ],
          [
            100.9656743,
            4.3828649
          ]
        ]
      },
      "id": "way/1484083436"
    },
    {
      "type": "Feature",
      "properties": {
        "@id": "way/1484083437",
        "highway": "footway"
      },
      "geometry": {
        "type": "LineString",
        "coordinates": [
          [
            100.9654847,
            4.3822065
          ],
          [
            100.9652466,
            4.382714
          ]
        ]
      },
      "id": "way/1484083437"
    },
    {
      "type": "Feature",
      "properties": {
        "@id": "way/1484083438",
        "highway": "footway"
      },
      "geometry": {
        "type": "LineString",
        "coordinates": [
          [
            100.9647327,
            4.382218
          ],
          [
            100.9648123,
            4.3826877
          ]
        ]
      },
      "id": "way/1484083438"
    },
    {
      "type": "Feature",
      "properties": {
        "@id": "way/1484083439",
        "highway": "footway"
      },
      "geometry": {
        "type": "LineString",
        "coordinates": [
          [
            100.9645731,
            4.382054
          ],
          [
            100.9642267,
            4.381802
          ]
        ]
      },
      "id": "way/1484083439"
    },
    {
      "type": "Feature",
      "properties": {
        "@id": "way/1484083440",
        "highway": "footway"
      },
      "geometry": {
        "type": "LineString",
        "coordinates": [
          [
            100.964783,
            4.3815372
          ],
          [
            100.9643583,
            4.3814149
          ]
        ]
      },
      "id": "way/1484083440"
    },
    {
      "type": "Feature",
      "properties": {
        "@id": "way/1484083441",
        "highway": "footway"
      },
      "geometry": {
        "type": "LineString",
        "coordinates": [
          [
            100.9647679,
            4.3809883
          ],
          [
            100.9643977,
            4.3809885
          ]
        ]
      },
      "id": "way/1484083441"
    },
    {
      "type": "Feature",
      "properties": {
        "@id": "way/1484083442",
        "highway": "footway"
      },
      "geometry": {
        "type": "LineString",
        "coordinates": [
          [
            100.964749,
            4.3804362
          ],
          [
            100.9643319,
            4.3805883
          ]
        ]
      },
      "id": "way/1484083442"
    },
    {
      "type": "Feature",
      "properties": {
        "@id": "way/1484083443",
        "highway": "footway"
      },
      "geometry": {
        "type": "LineString",
        "coordinates": [
          [
            100.9669531,
            4.3832056
          ],
          [
            100.9674311,
            4.3833373
          ]
        ]
      },
      "id": "way/1484083443"
    },
    {
      "type": "Feature",
      "properties": {
        "@id": "way/1484083444",
        "highway": "footway"
      },
      "geometry": {
        "type": "LineString",
        "coordinates": [
          [
            100.9672483,
            4.3827608
          ],
          [
            100.9677206,
            4.3829305
          ]
        ]
      },
      "id": "way/1484083444"
    },
    {
      "type": "Feature",
      "properties": {
        "@id": "way/1484083445",
        "highway": "footway"
      },
      "geometry": {
        "type": "LineString",
        "coordinates": [
          [
            100.9677206,
            4.3822753
          ],
          [
            100.9679773,
            4.3826287
          ]
        ]
      },
      "id": "way/1484083445"
    },
    {
      "type": "Feature",
      "properties": {
        "@id": "way/1484083446",
        "highway": "footway"
      },
      "geometry": {
        "type": "LineString",
        "coordinates": [
          [
            100.9682443,
            4.3819956
          ],
          [
            100.968405,
            4.3824187
          ]
        ]
      },
      "id": "way/1484083446"
    },
    {
      "type": "Feature",
      "properties": {
        "@id": "way/1484083447",
        "highway": "footway"
      },
      "geometry": {
        "type": "LineString",
        "coordinates": [
          [
            100.9673396,
            4.3800297
          ],
          [
            100.9677206,
            4.3800306
          ]
        ]
      },
      "id": "way/1484083447"
    },
    {
      "type": "Feature",
      "properties": {
        "@id": "way/1484083448",
        "highway": "footway"
      },
      "geometry": {
        "type": "LineString",
        "coordinates": [
          [
            100.967518,
            4.3805209
          ],
          [
            100.9678259,
            4.3803915
          ]
        ]
      },
      "id": "way/1484083448"
    },
    {
      "type": "Feature",
      "properties": {
        "@id": "way/1484083449",
        "highway": "footway"
      },
      "geometry": {
        "type": "LineString",
        "coordinates": [
          [
            100.9676539,
            4.3810036
          ],
          [
            100.9680167,
            4.3807064
          ]
        ]
      },
      "id": "way/1484083449"
    },
    {
      "type": "Feature",
      "properties": {
        "@id": "way/1484083450",
        "highway": "footway"
      },
      "geometry": {
        "type": "LineString",
        "coordinates": [
          [
            100.9679936,
            4.3813254
          ],
          [
            100.9682602,
            4.3809688
          ]
        ]
      },
      "id": "way/1484083450"
    },
    {
      "type": "Feature",
      "properties": {
        "@id": "way/1484083451",
        "highway": "footway"
      },
      "geometry": {
        "type": "LineString",
        "coordinates": [
          [
            100.9683843,
            4.3815964
          ],
          [
            100.9685695,
            4.3811853
          ]
        ]
      },
      "id": "way/1484083451"
    },
    {
      "type": "Feature",
      "properties": {
        "@id": "way/1484083452",
        "highway": "footway",
        "layer": "1"
      },
      "geometry": {
        "type": "LineString",
        "coordinates": [
          [
            100.9643785,
            4.3865393
          ],
          [
            100.9641141,
            4.3863886
          ],
          [
            100.9637804,
            4.3860801
          ],
          [
            100.9638845,
            4.385946
          ],
          [
            100.9637544,
            4.3858206
          ],
          [
            100.9637782,
            4.3857931
          ],
          [
            100.9638368,
            4.3857255
          ],
          [
            100.9636417,
            4.3855957
          ],
          [
            100.9635562,
            4.3852332
          ],
          [
            100.9633207,
            4.385306
          ],
          [
            100.9631559,
            4.3847828
          ],
          [
            100.9637414,
            4.3846012
          ],
          [
            100.963815,
            4.3851276
          ],
          [
            100.9635562,
            4.3852332
          ],
          [
            100.9633207,
            4.385306
          ],
          [
            100.9631559,
            4.3847828
          ],
          [
            100.9637414,
            4.3846012
          ],
          [
            100.9636807,
            4.3843028
          ],
          [
            100.9635214,
            4.3841476
          ],
          [
            100.9636098,
            4.3840672
          ],
          [
            100.9634397,
            4.38393
          ],
          [
            100.9633635,
            4.3838685
          ],
          [
            100.9635595,
            4.3836391
          ],
          [
            100.9636936,
            4.3834821
          ],
          [
            100.96383,
            4.3832746
          ],
          [
            100.9637625,
            4.3829392
          ]
        ]
      },
      "id": "way/1484083452"
    },
    {
      "type": "Feature",
      "properties": {
        "@id": "way/1492106023",
        "highway": "footway"
      },
      "geometry": {
        "type": "LineString",
        "coordinates": [
          [
            100.9656279,
            4.3865343
          ],
          [
            100.9656792,
            4.3866627
          ],
          [
            100.9656483,
            4.3867924
          ],
          [
            100.9656162,
            4.3869612
          ],
          [
            100.9655722,
            4.3871577
          ],
          [
            100.9655438,
            4.3874047
          ],
          [
            100.9655437,
            4.3875267
          ],
          [
            100.9655509,
            4.3878141
          ],
          [
            100.9655888,
            4.3880453
          ],
          [
            100.9656076,
            4.3881599
          ],
          [
            100.9656777,
            4.3885268
          ],
          [
            100.9657069,
            4.3886863
          ],
          [
            100.9657127,
            4.3887395
          ],
          [
            100.9657279,
            4.3888798
          ],
          [
            100.965735,
            4.3895361
          ],
          [
            100.9657279,
            4.3898961
          ],
          [
            100.965466,
            4.3899455
          ],
          [
            100.9649174,
            4.3899931
          ],
          [
            100.9644823,
            4.39
          ],
          [
            100.9640861,
            4.3900039
          ],
          [
            100.9639871,
            4.3900049
          ],
          [
            100.9639922,
            4.3896277
          ],
          [
            100.9639949,
            4.3894306
          ],
          [
            100.9639999,
            4.389062
          ],
          [
            100.964055,
            4.3888876
          ],
          [
            100.9640856,
            4.3886996
          ],
          [
            100.9644996,
            4.3887678
          ],
          [
            100.9649344,
            4.3887828
          ],
          [
            100.9652458,
            4.3887667
          ],
          [
            100.9657127,
            4.3887395
          ],
          [
            100.9660393,
            4.3887033
          ],
          [
            100.9663225,
            4.3886963
          ],
          [
            100.9663649,
            4.3890068
          ],
          [
            100.9663705,
            4.3891367
          ],
          [
            100.966395,
            4.3893001
          ],
          [
            100.9664145,
            4.3894303
          ]
        ]
      },
      "id": "way/1492106023"
    },
    {
      "type": "Feature",
      "properties": {
        "@id": "way/1492106024",
        "highway": "footway"
      },
      "geometry": {
        "type": "LineString",
        "coordinates": [
          [
            100.9661667,
            4.3879905
          ],
          [
            100.9658836,
            4.3879976
          ],
          [
            100.9655888,
            4.3880453
          ],
          [
            100.9653669,
            4.3881034
          ],
          [
            100.964921,
            4.3880752
          ],
          [
            100.9646393,
            4.3881375
          ]
        ]
      },
      "id": "way/1492106024"
    },
    {
      "type": "Feature",
      "properties": {
        "@id": "way/1492106025",
        "highway": "footway",
        "layer": "-1"
      },
      "geometry": {
        "type": "LineString",
        "coordinates": [
          [
            100.9639876,
            4.3883974
          ],
          [
            100.964097,
            4.3881667
          ],
          [
            100.9642556,
            4.3878988
          ],
          [
            100.9644126,
            4.3875896
          ],
          [
            100.9645352,
            4.3874262
          ],
          [
            100.9646758,
            4.3871393
          ],
          [
            100.9648289,
            4.3868472
          ],
          [
            100.9650066,
            4.3865168
          ]
        ]
      },
      "id": "way/1492106025"
    },
    {
      "type": "Feature",
      "properties": {
        "@id": "way/1492106026",
        "highway": "footway"
      },
      "geometry": {
        "type": "LineString",
        "coordinates": [
          [
            100.9639876,
            4.3883974
          ],
          [
            100.9637047,
            4.3882584
          ],
          [
            100.9635194,
            4.3881265
          ],
          [
            100.963272,
            4.3879403
          ],
          [
            100.9630544,
            4.3875969
          ],
          [
            100.9629215,
            4.3873639
          ],
          [
            100.9628307,
            4.3870382
          ],
          [
            100.9628219,
            4.3869386
          ],
          [
            100.9628142,
            4.3868507
          ],
          [
            100.9628071,
            4.386775
          ],
          [
            100.9627965,
            4.3866631
          ]
        ]
      },
      "id": "way/1492106026"
    },
    {
      "type": "Feature",
      "properties": {
        "@id": "way/1492106027",
        "highway": "footway"
      },
      "geometry": {
        "type": "LineString",
        "coordinates": [
          [
            100.9628071,
            4.386775
          ],
          [
            100.9630381,
            4.3864943
          ],
          [
            100.9632815,
            4.3863525
          ]
        ]
      },
      "id": "way/1492106027"
    },
    {
      "type": "Feature",
      "properties": {
        "@id": "way/1492106028",
        "highway": "footway"
      },
      "geometry": {
        "type": "LineString",
        "coordinates": [
          [
            100.963068,
            4.3858751
          ],
          [
            100.9630381,
            4.3864943
          ],
          [
            100.9631388,
            4.3866995
          ],
          [
            100.9636967,
            4.3869909
          ],
          [
            100.9637895,
            4.3870264
          ]
        ]
      },
      "id": "way/1492106028"
    },
    {
      "type": "Feature",
      "properties": {
        "@id": "way/1492106029",
        "highway": "footway"
      },
      "geometry": {
        "type": "LineString",
        "coordinates": [
          [
            100.9628219,
            4.3869386
          ],
          [
            100.9630093,
            4.3869643
          ]
        ]
      },
      "id": "way/1492106029"
    },
    {
      "type": "Feature",
      "properties": {
        "@id": "way/1492106030",
        "highway": "footway"
      },
      "geometry": {
        "type": "LineString",
        "coordinates": [
          [
            100.9661667,
            4.3879905
          ],
          [
            100.9662026,
            4.3875399
          ],
          [
            100.9663839,
            4.3875636
          ],
          [
            100.9664892,
            4.3875773
          ]
        ]
      },
      "id": "way/1492106030"
    },
    {
      "type": "Feature",
      "properties": {
        "@id": "way/1492106031",
        "highway": "footway"
      },
      "geometry": {
        "type": "LineString",
        "coordinates": [
          [
            100.9664892,
            4.3875773
          ],
          [
            100.9664915,
            4.3875945
          ],
          [
            100.966549,
            4.3880329
          ],
          [
            100.9666522,
            4.3880534
          ],
          [
            100.9667447,
            4.3880718
          ]
        ]
      },
      "id": "way/1492106031"
    },
    {
      "type": "Feature",
      "properties": {
        "@id": "way/1492106032",
        "highway": "footway"
      },
      "geometry": {
        "type": "LineString",
        "coordinates": [
          [
            100.9667447,
            4.3880718
          ],
          [
            100.9669572,
            4.3879451
          ],
          [
            100.9670411,
            4.3880286
          ],
          [
            100.9670838,
            4.3880938
          ]
        ]
      },
      "id": "way/1492106032"
    },
    {
      "type": "Feature",
      "properties": {
        "@id": "way/1492106033",
        "highway": "footway"
      },
      "geometry": {
        "type": "LineString",
        "coordinates": [
          [
            100.9670838,
            4.3880938
          ],
          [
            100.9675912,
            4.3878025
          ]
        ]
      },
      "id": "way/1492106033"
    },
    {
      "type": "Feature",
      "properties": {
        "@id": "way/1492106034",
        "highway": "footway"
      },
      "geometry": {
        "type": "LineString",
        "coordinates": [
          [
            100.9675912,
            4.3878025
          ],
          [
            100.9676603,
            4.3877541
          ],
          [
            100.9677773,
            4.3879261
          ],
          [
            100.9680053,
            4.3877786
          ]
        ]
      },
      "id": "way/1492106034"
    },
    {
      "type": "Feature",
      "properties": {
        "@id": "way/1492106035",
        "highway": "footway"
      },
      "geometry": {
        "type": "LineString",
        "coordinates": [
          [
            100.9680053,
            4.3877786
          ],
          [
            100.9686703,
            4.3874064
          ],
          [
            100.9687078,
            4.3873854
          ],
          [
            100.9687201,
            4.3871028
          ],
          [
            100.9687263,
            4.3868509
          ],
          [
            100.9688378,
            4.386855
          ],
          [
            100.9688927,
            4.386857
          ],
          [
            100.9688988,
            4.3867772
          ]
        ]
      },
      "id": "way/1492106035"
    },
    {
      "type": "Feature",
      "properties": {
        "@id": "way/1492106036",
        "highway": "footway"
      },
      "geometry": {
        "type": "LineString",
        "coordinates": [
          [
            100.9688988,
            4.3867772
          ],
          [
            100.9694719,
            4.3867587
          ],
          [
            100.9697689,
            4.3867696
          ],
          [
            100.9699772,
            4.3867772
          ],
          [
            100.970427,
            4.3867833
          ],
          [
            100.9706859,
            4.3867833
          ],
          [
            100.970737,
            4.3867813
          ],
          [
            100.9709432,
            4.3867733
          ],
          [
            100.971148,
            4.3867772
          ],
          [
            100.9712897,
            4.3870598
          ],
          [
            100.9713916,
            4.3870066
          ],
          [
            100.9715485,
            4.3869246
          ],
          [
            100.9716688,
            4.387024
          ],
          [
            100.9718599,
            4.3871705
          ],
          [
            100.9720221,
            4.3871909
          ],
          [
            100.9723052,
            4.3870914
          ],
          [
            100.972594,
            4.3869689
          ],
          [
            100.9725629,
            4.3868927
          ],
          [
            100.9725536,
            4.3868699
          ],
          [
            100.9726478,
            4.3868518
          ],
          [
            100.9726961,
            4.3868425
          ],
          [
            100.9726824,
            4.3867403
          ],
          [
            100.9729289,
            4.3866604
          ],
          [
            100.9731753,
            4.3865744
          ],
          [
            100.9731137,
            4.3864331
          ],
          [
            100.9732065,
            4.3863888
          ],
          [
            100.9733972,
            4.3862979
          ],
          [
            100.9735327,
            4.3862242
          ],
          [
            100.9739148,
            4.3861013
          ],
          [
            100.9741613,
            4.3859723
          ],
          [
            100.9745664,
            4.3858193
          ],
          [
            100.9746456,
            4.3856898
          ]
        ]
      },
      "id": "way/1492106036"
    },
    {
      "type": "Feature",
      "properties": {
        "@id": "way/1492106037",
        "highway": "footway",
        "layer": "-1"
      },
      "geometry": {
        "type": "LineString",
        "coordinates": [
          [
            100.9703214,
            4.3830503
          ],
          [
            100.9705044,
            4.3832974
          ],
          [
            100.970538,
            4.3833426
          ],
          [
            100.970705,
            4.3835616
          ],
          [
            100.9707783,
            4.3838464
          ],
          [
            100.9707721,
            4.3841659
          ],
          [
            100.9709755,
            4.3846575
          ],
          [
            100.9710864,
            4.3849401
          ],
          [
            100.9711911,
            4.3854009
          ],
          [
            100.9712158,
            4.3861873
          ],
          [
            100.971185,
            4.3866236
          ],
          [
            100.9708029,
            4.3866215
          ],
          [
            100.9688988,
            4.3866113
          ],
          [
            100.9687263,
            4.3866051
          ],
          [
            100.9686524,
            4.3861382
          ],
          [
            100.9686339,
            4.3859784
          ],
          [
            100.9686462,
            4.3854685
          ],
          [
            100.9686647,
            4.3848418
          ],
          [
            100.9686585,
            4.3842212
          ],
          [
            100.9686524,
            4.3834901
          ],
          [
            100.9686462,
            4.3828019
          ],
          [
            100.9685784,
            4.3823104
          ],
          [
            100.9685201,
            4.3819332
          ]
        ]
      },
      "id": "way/1492106037"
    },
    {
      "type": "Feature",
      "properties": {
        "@id": "way/1492106038",
        "highway": "footway"
      },
      "geometry": {
        "type": "LineString",
        "coordinates": [
          [
            100.9687263,
            4.3868509
          ],
          [
            100.9687263,
            4.3866051
          ]
        ]
      },
      "id": "way/1492106038"
    },
    {
      "type": "Feature",
      "properties": {
        "@id": "way/1492106039",
        "highway": "footway"
      },
      "geometry": {
        "type": "LineString",
        "coordinates": [
          [
            100.9705044,
            4.3832974
          ],
          [
            100.9704107,
            4.38331
          ],
          [
            100.9702607,
            4.3833303
          ],
          [
            100.9702607,
            4.3839509
          ],
          [
            100.9703161,
            4.3840185
          ],
          [
            100.9703285,
            4.3846022
          ],
          [
            100.9703161,
            4.3847988
          ],
          [
            100.9706057,
            4.3847926
          ],
          [
            100.9705934,
            4.3850138
          ],
          [
            100.9707228,
            4.3850138
          ]
        ]
      },
      "id": "way/1492106039"
    },
    {
      "type": "Feature",
      "properties": {
        "@id": "way/1492106040",
        "highway": "footway"
      },
      "geometry": {
        "type": "LineString",
        "coordinates": [
          [
            100.9705934,
            4.3850138
          ],
          [
            100.9705996,
            4.385106
          ],
          [
            100.9704579,
            4.3851183
          ]
        ]
      },
      "id": "way/1492106040"
    },
    {
      "type": "Feature",
      "properties": {
        "@id": "way/1492106041",
        "highway": "footway"
      },
      "geometry": {
        "type": "LineString",
        "coordinates": [
          [
            100.9705996,
            4.385106
          ],
          [
            100.9705934,
            4.385235
          ],
          [
            100.9707413,
            4.3852473
          ]
        ]
      },
      "id": "way/1492106041"
    },
    {
      "type": "Feature",
      "properties": {
        "@id": "way/1492106042",
        "highway": "footway"
      },
      "geometry": {
        "type": "LineString",
        "coordinates": [
          [
            100.9705934,
            4.385235
          ],
          [
            100.9705934,
            4.385407
          ],
          [
            100.970994,
            4.3854009
          ],
          [
            100.9709878,
            4.3861566
          ],
          [
            100.9707721,
            4.3862488
          ],
          [
            100.9702052,
            4.3862488
          ],
          [
            100.9700573,
            4.3862426
          ],
          [
            100.9700573,
            4.3854255
          ],
          [
            100.9697677,
            4.3854255
          ],
          [
            100.9697739,
            4.3848602
          ],
          [
            100.9703285,
            4.3848602
          ],
          [
            100.9703161,
            4.3847988
          ]
        ]
      },
      "id": "way/1492106042"
    },
    {
      "type": "Feature",
      "properties": {
        "@id": "way/1492106043",
        "highway": "footway"
      },
      "geometry": {
        "type": "LineString",
        "coordinates": [
          [
            100.9700573,
            4.3854255
          ],
          [
            100.9705934,
            4.385407
          ]
        ]
      },
      "id": "way/1492106043"
    },
    {
      "type": "Feature",
      "properties": {
        "@id": "way/1492106044",
        "highway": "footway"
      },
      "geometry": {
        "type": "LineString",
        "coordinates": [
          [
            100.9708029,
            4.3866215
          ],
          [
            100.9707874,
            4.3864342
          ],
          [
            100.9707721,
            4.3862488
          ]
        ]
      },
      "id": "way/1492106044"
    },
    {
      "type": "Feature",
      "properties": {
        "@id": "way/1492106045",
        "highway": "footway"
      },
      "geometry": {
        "type": "LineString",
        "coordinates": [
          [
            100.9663225,
            4.3886963
          ],
          [
            100.966508,
            4.3887617
          ],
          [
            100.966631,
            4.3887517
          ],
          [
            100.9667251,
            4.388744
          ],
          [
            100.9668099,
            4.3887371
          ],
          [
            100.9669455,
            4.3885466
          ],
          [
            100.9672782,
            4.3884606
          ],
          [
            100.967335,
            4.388448
          ],
          [
            100.967802,
            4.3883439
          ],
          [
            100.9678502,
            4.3883339
          ],
          [
            100.9679336,
            4.3883165
          ],
          [
            100.9688064,
            4.388135
          ],
          [
            100.9697554,
            4.38835
          ],
          [
            100.9700635,
            4.3883623
          ],
          [
            100.97145,
            4.3879384
          ],
          [
            100.9718074,
            4.3878646
          ],
          [
            100.9722079,
            4.387625
          ],
          [
            100.972553,
            4.3873117
          ],
          [
            100.9728118,
            4.3871274
          ],
          [
            100.9732246,
            4.3870045
          ],
          [
            100.9740011,
            4.386771
          ],
          [
            100.974101,
            4.3867265
          ],
          [
            100.9745803,
            4.386513
          ],
          [
            100.9745865,
            4.386814
          ],
          [
            100.9747898,
            4.3868202
          ]
        ]
      },
      "id": "way/1492106045"
    },
    {
      "type": "Feature",
      "properties": {
        "@id": "way/1492106046",
        "highway": "footway"
      },
      "geometry": {
        "type": "LineString",
        "coordinates": [
          [
            100.9745865,
            4.386814
          ],
          [
            100.9741921,
            4.3868263
          ],
          [
            100.9741736,
            4.3871765
          ],
          [
            100.9750301,
            4.3871642
          ],
          [
            100.9750425,
            4.3869615
          ],
          [
            100.974796,
            4.3869553
          ],
          [
            100.9747898,
            4.3868202
          ]
        ]
      },
      "id": "way/1492106046"
    },
    {
      "type": "Feature",
      "properties": {
        "@id": "way/1492106047",
        "highway": "footway"
      },
      "geometry": {
        "type": "LineString",
        "coordinates": [
          [
            100.9686703,
            4.3874064
          ],
          [
            100.96882,
            4.3874044
          ],
          [
            100.9688619,
            4.3874038
          ],
          [
            100.968868,
            4.3875636
          ],
          [
            100.9690591,
            4.3875697
          ],
          [
            100.9699218,
            4.3876435
          ],
          [
            100.9702175,
            4.3877909
          ],
          [
            100.9704147,
            4.3876005
          ],
          [
            100.9705441,
            4.387711
          ],
          [
            100.9710506,
            4.3871877
          ],
          [
            100.9712897,
            4.3870598
          ]
        ]
      },
      "id": "way/1492106047"
    },
    {
      "type": "Feature",
      "properties": {
        "@id": "way/1492106048",
        "highway": "footway"
      },
      "geometry": {
        "type": "LineString",
        "coordinates": [
          [
            100.9699218,
            4.3876435
          ],
          [
            100.9701667,
            4.3874145
          ],
          [
            100.9707105,
            4.3869062
          ],
          [
            100.9710506,
            4.3871877
          ]
        ]
      },
      "id": "way/1492106048"
    },
    {
      "type": "Feature",
      "properties": {
        "@id": "way/1492106049",
        "highway": "footway"
      },
      "geometry": {
        "type": "LineString",
        "coordinates": [
          [
            100.9701667,
            4.3874145
          ],
          [
            100.9704147,
            4.3876005
          ]
        ]
      },
      "id": "way/1492106049"
    },
    {
      "type": "Feature",
      "properties": {
        "@id": "way/1492106050",
        "highway": "footway"
      },
      "geometry": {
        "type": "LineString",
        "coordinates": [
          [
            100.9796615,
            4.3835798
          ],
          [
            100.9796925,
            4.3840141
          ],
          [
            100.9798307,
            4.3845735
          ],
          [
            100.9795705,
            4.3851329
          ],
          [
            100.979416,
            4.3853599
          ],
          [
            100.9791071,
            4.3855382
          ],
          [
            100.9789673,
            4.385598
          ],
          [
            100.9786843,
            4.3856194
          ],
          [
            100.9782128,
            4.3856147
          ]
        ]
      },
      "id": "way/1492106050"
    },
    {
      "type": "Feature",
      "properties": {
        "@id": "way/1492106957",
        "highway": "footway"
      },
      "geometry": {
        "type": "LineString",
        "coordinates": [
          [
            100.9756153,
            4.383875
          ],
          [
            100.9756194,
            4.3841385
          ],
          [
            100.9755106,
            4.3844796
          ],
          [
            100.9754057,
            4.3847993
          ],
          [
            100.9753669,
            4.3849175
          ],
          [
            100.9752832,
            4.3849087
          ],
          [
            100.9750971,
            4.3848891
          ],
          [
            100.975063,
            4.3849783
          ]
        ]
      },
      "id": "way/1492106957"
    },
    {
      "type": "Feature",
      "properties": {
        "@id": "way/1492106958",
        "highway": "footway"
      },
      "geometry": {
        "type": "LineString",
        "coordinates": [
          [
            100.9762283,
            4.3851396
          ],
          [
            100.9756873,
            4.3850422
          ],
          [
            100.9754778,
            4.3849316
          ],
          [
            100.9754057,
            4.3847993
          ],
          [
            100.9755106,
            4.3844796
          ],
          [
            100.9756194,
            4.3841385
          ],
          [
            100.9756316,
            4.3839804
          ]
        ]
      },
      "id": "way/1492106958"
    },
    {
      "type": "Feature",
      "properties": {
        "@id": "way/1492107188",
        "highway": "footway"
      },
      "geometry": {
        "type": "LineString",
        "coordinates": [
          [
            100.9666222,
            4.3876322
          ],
          [
            100.9664915,
            4.3875945
          ],
          [
            100.9663839,
            4.3875636
          ],
          [
            100.9663389,
            4.3875506
          ],
          [
            100.9660332,
            4.3875265
          ],
          [
            100.9656013,
            4.3875252
          ],
          [
            100.9655437,
            4.3875267
          ],
          [
            100.9653358,
            4.3875319
          ],
          [
            100.9650327,
            4.3875157
          ],
          [
            100.9647647,
            4.3874816
          ],
          [
            100.9645309,
            4.3874216
          ],
          [
            100.9640253,
            4.3871998
          ],
          [
            100.9637895,
            4.3870264
          ],
          [
            100.9635521,
            4.386783
          ],
          [
            100.96341,
            4.3865865
          ],
          [
            100.963214,
            4.3862015
          ],
          [
            100.9629836,
            4.3855721
          ],
          [
            100.9628628,
            4.3850086
          ],
          [
            100.962697,
            4.3845526
          ],
          [
            100.9626452,
            4.3844102
          ],
          [
            100.9627431,
            4.3843683
          ],
          [
            100.9630059,
            4.3842556
          ],
          [
            100.9632805,
            4.3840666
          ],
          [
            100.9633346,
            4.3840294
          ],
          [
            100.9634397,
            4.38393
          ],
          [
            100.9633635,
            4.3838685
          ],
          [
            100.9635595,
            4.3836391
          ]
        ]
      },
      "id": "way/1492107188"
    },
    {
      "type": "Feature",
      "properties": {
        "@id": "way/182967310",
        "highway": "path",
        "smoothness": "good",
        "source": "gps",
        "surface": "concrete",
        "@geometry": "center"
      },
      "geometry": {
        "type": "Point",
        "coordinates": [
          100.9703291,
          4.3828605
        ]
      },
      "id": "way/182967310"
    },
    {
      "type": "Feature",
      "properties": {
        "@id": "way/229370371",
        "highway": "pedestrian",
        "surface": "asphalt",
        "@geometry": "center"
      },
      "geometry": {
        "type": "Point",
        "coordinates": [
          100.9683042,
          4.3859251
        ]
      },
      "id": "way/229370371"
    },
    {
      "type": "Feature",
      "properties": {
        "@id": "way/512740342",
        "building": "yes",
        "name": "Learning Hub",
        "name:en": "Learning Hub",
        "operator": "Universiti Teknologi Petronas (UTP)",
        "smoking": "no",
        "wheelchair": "yes",
        "@geometry": "center"
      },
      "geometry": {
        "type": "Point",
        "coordinates": [
          100.9713972,
          4.3831388
        ]
      },
      "id": "way/512740342"
    },
    {
      "type": "Feature",
      "properties": {
        "@id": "way/512740343",
        "building": "yes",
        "name": "CETaL",
        "name:en": "CETaL",
        "operator": "Universiti Teknologi Petronas (UTP)",
        "smoking": "no",
        "wheelchair": "yes",
        "@geometry": "center"
      },
      "geometry": {
        "type": "Point",
        "coordinates": [
          100.9713519,
          4.3836839
        ]
      },
      "id": "way/512740343"
    },
    {
      "type": "Feature",
      "properties": {
        "@id": "way/771010869",
        "amenity": "place_of_worship",
        "building": "yes",
        "check_date": "2026-01-27",
        "name": "Surau V3",
        "name:ms": "Surau V3",
        "religion": "muslim",
        "@geometry": "center"
      },
      "geometry": {
        "type": "Point",
        "coordinates": [
          100.9653871,
          4.3872591
        ]
      },
      "id": "way/771010869"
    },
    {
      "type": "Feature",
      "properties": {
        "@id": "way/776595300",
        "building": "apartments",
        "layer": "1",
        "name": "V6",
        "name:en": "V6",
        "operator": "Universiti Teknologi Petronas (UTP)",
        "@geometry": "center"
      },
      "geometry": {
        "type": "Point",
        "coordinates": [
          100.9646864,
          4.3895187
        ]
      },
      "id": "way/776595300"
    },
    {
      "type": "Feature",
      "properties": {
        "@id": "way/787357974",
        "bridge": "yes",
        "highway": "footway",
        "layer": "1",
        "@geometry": "center"
      },
      "geometry": {
        "type": "Point",
        "coordinates": [
          100.9806689,
          4.3869833
        ]
      },
      "id": "way/787357974"
    },
    {
      "type": "Feature",
      "properties": {
        "@id": "way/787357975",
        "highway": "steps",
        "incline": "down",
        "@geometry": "center"
      },
      "geometry": {
        "type": "Point",
        "coordinates": [
          100.9804433,
          4.386963
        ]
      },
      "id": "way/787357975"
    },
    {
      "type": "Feature",
      "properties": {
        "@id": "way/787357976",
        "highway": "steps",
        "incline": "down",
        "@geometry": "center"
      },
      "geometry": {
        "type": "Point",
        "coordinates": [
          100.9808921,
          4.3869998
        ]
      },
      "id": "way/787357976"
    },
    {
      "type": "Feature",
      "properties": {
        "@id": "way/823740780",
        "building": "yes",
        "name": "GDC UTP Plant Makhostia Sdn Bhd",
        "name:en": "GDC UTP Plant Makhostia Sdn Bhd",
        "operator": "Universiti Teknologi Petronas (UTP)",
        "@geometry": "center"
      },
      "geometry": {
        "type": "Point",
        "coordinates": [
          100.9694992,
          4.3764198
        ]
      },
      "id": "way/823740780"
    },
    {
      "type": "Feature",
      "properties": {
        "@id": "way/1383767188",
        "highway": "footway",
        "@geometry": "center"
      },
      "geometry": {
        "type": "Point",
        "coordinates": [
          100.9740982,
          4.3828053
        ]
      },
      "id": "way/1383767188"
    },
    {
      "type": "Feature",
      "properties": {
        "@id": "way/1383767189",
        "highway": "footway",
        "@geometry": "center"
      },
      "geometry": {
        "type": "Point",
        "coordinates": [
          100.9732537,
          4.3829467
        ]
      },
      "id": "way/1383767189"
    },
    {
      "type": "Feature",
      "properties": {
        "@id": "way/1416212000",
        "building": "commercial",
        "name": "PMMD",
        "@geometry": "center"
      },
      "geometry": {
        "type": "Point",
        "coordinates": [
          100.9677871,
          4.3889467
        ]
      },
      "id": "way/1416212000"
    },
    {
      "type": "Feature",
      "properties": {
        "@id": "way/1445460017",
        "highway": "footway",
        "@geometry": "center"
      },
      "geometry": {
        "type": "Point",
        "coordinates": [
          100.9790954,
          4.3821252
        ]
      },
      "id": "way/1445460017"
    },
    {
      "type": "Feature",
      "properties": {
        "@id": "way/1445460018",
        "bridge": "yes",
        "highway": "footway",
        "layer": "1",
        "@geometry": "center"
      },
      "geometry": {
        "type": "Point",
        "coordinates": [
          100.9794031,
          4.3819167
        ]
      },
      "id": "way/1445460018"
    },
    {
      "type": "Feature",
      "properties": {
        "@id": "way/1445460019",
        "highway": "footway",
        "@geometry": "center"
      },
      "geometry": {
        "type": "Point",
        "coordinates": [
          100.9792498,
          4.3820892
        ]
      },
      "id": "way/1445460019"
    },
    {
      "type": "Feature",
      "properties": {
        "@id": "way/1445460020",
        "highway": "footway",
        "@geometry": "center"
      },
      "geometry": {
        "type": "Point",
        "coordinates": [
          100.9779901,
          4.3809783
        ]
      },
      "id": "way/1445460020"
    },
    {
      "type": "Feature",
      "properties": {
        "@id": "way/1445460021",
        "highway": "footway",
        "@geometry": "center"
      },
      "geometry": {
        "type": "Point",
        "coordinates": [
          100.9789712,
          4.3828828
        ]
      },
      "id": "way/1445460021"
    },
    {
      "type": "Feature",
      "properties": {
        "@id": "way/1445460022",
        "bridge": "yes",
        "highway": "footway",
        "layer": "1",
        "@geometry": "center"
      },
      "geometry": {
        "type": "Point",
        "coordinates": [
          100.9781249,
          4.3822109
        ]
      },
      "id": "way/1445460022"
    },
    {
      "type": "Feature",
      "properties": {
        "@id": "way/1445460023",
        "highway": "footway",
        "@geometry": "center"
      },
      "geometry": {
        "type": "Point",
        "coordinates": [
          100.9767882,
          4.3830398
        ]
      },
      "id": "way/1445460023"
    },
    {
      "type": "Feature",
      "properties": {
        "@id": "way/1446357974",
        "highway": "footway",
        "@geometry": "center"
      },
      "geometry": {
        "type": "Point",
        "coordinates": [
          100.9761695,
          4.3850315
        ]
      },
      "id": "way/1446357974"
    },
    {
      "type": "Feature",
      "properties": {
        "@id": "way/1446357975",
        "highway": "footway",
        "@geometry": "center"
      },
      "geometry": {
        "type": "Point",
        "coordinates": [
          100.976261,
          4.3846477
        ]
      },
      "id": "way/1446357975"
    },
    {
      "type": "Feature",
      "properties": {
        "@id": "way/1446357976",
        "highway": "footway",
        "@geometry": "center"
      },
      "geometry": {
        "type": "Point",
        "coordinates": [
          100.9760452,
          4.3843531
        ]
      },
      "id": "way/1446357976"
    },
    {
      "type": "Feature",
      "properties": {
        "@id": "way/1446357977",
        "highway": "footway",
        "@geometry": "center"
      },
      "geometry": {
        "type": "Point",
        "coordinates": [
          100.9767848,
          4.3841862
        ]
      },
      "id": "way/1446357977"
    },
    {
      "type": "Feature",
      "properties": {
        "@id": "way/1446357978",
        "highway": "footway",
        "@geometry": "center"
      },
      "geometry": {
        "type": "Point",
        "coordinates": [
          100.9760203,
          4.3839721
        ]
      },
      "id": "way/1446357978"
    },
    {
      "type": "Feature",
      "properties": {
        "@id": "way/1446357979",
        "highway": "footway",
        "@geometry": "center"
      },
      "geometry": {
        "type": "Point",
        "coordinates": [
          100.9774911,
          4.3839892
        ]
      },
      "id": "way/1446357979"
    },
    {
      "type": "Feature",
      "properties": {
        "@id": "way/1466781583",
        "highway": "footway",
        "@geometry": "center"
      },
      "geometry": {
        "type": "Point",
        "coordinates": [
          100.9771812,
          4.3853482
        ]
      },
      "id": "way/1466781583"
    },
    {
      "type": "Feature",
      "properties": {
        "@id": "way/1483702548",
        "building": "residential",
        "name": "Village 6",
        "@geometry": "center"
      },
      "geometry": {
        "type": "Point",
        "coordinates": [
          100.9648113,
          4.3897446
        ]
      },
      "id": "way/1483702548"
    },
    {
      "type": "Feature",
      "properties": {
        "@id": "way/1483702550",
        "building": "commercial",
        "layer": "1",
        "name": "Nadi@UTP",
        "@geometry": "center"
      },
      "geometry": {
        "type": "Point",
        "coordinates": [
          100.9661243,
          4.3894145
        ]
      },
      "id": "way/1483702550"
    },
    {
      "type": "Feature",
      "properties": {
        "@id": "way/1484083432",
        "highway": "footway",
        "layer": "-1",
        "@geometry": "center"
      },
      "geometry": {
        "type": "Point",
        "coordinates": [
          100.9669714,
          4.3840498
        ]
      },
      "id": "way/1484083432"
    },
    {
      "type": "Feature",
      "properties": {
        "@id": "way/1484083433",
        "highway": "footway",
        "@geometry": "center"
      },
      "geometry": {
        "type": "Point",
        "coordinates": [
          100.9727243,
          4.3838809
        ]
      },
      "id": "way/1484083433"
    },
    {
      "type": "Feature",
      "properties": {
        "@id": "way/1484083434",
        "highway": "footway",
        "@geometry": "center"
      },
      "geometry": {
        "type": "Point",
        "coordinates": [
          100.9666657,
          4.3832911
        ]
      },
      "id": "way/1484083434"
    },
    {
      "type": "Feature",
      "properties": {
        "@id": "way/1484083435",
        "highway": "footway",
        "@geometry": "center"
      },
      "geometry": {
        "type": "Point",
        "coordinates": [
          100.9662649,
          4.3828905
        ]
      },
      "id": "way/1484083435"
    },
    {
      "type": "Feature",
      "properties": {
        "@id": "way/1484083436",
        "highway": "footway",
        "@geometry": "center"
      },
      "geometry": {
        "type": "Point",
        "coordinates": [
          100.9658522,
          4.3826245
        ]
      },
      "id": "way/1484083436"
    },
    {
      "type": "Feature",
      "properties": {
        "@id": "way/1484083437",
        "highway": "footway",
        "@geometry": "center"
      },
      "geometry": {
        "type": "Point",
        "coordinates": [
          100.9653656,
          4.3824603
        ]
      },
      "id": "way/1484083437"
    },
    {
      "type": "Feature",
      "properties": {
        "@id": "way/1484083438",
        "highway": "footway",
        "@geometry": "center"
      },
      "geometry": {
        "type": "Point",
        "coordinates": [
          100.9647725,
          4.3824528
        ]
      },
      "id": "way/1484083438"
    },
    {
      "type": "Feature",
      "properties": {
        "@id": "way/1484083439",
        "highway": "footway",
        "@geometry": "center"
      },
      "geometry": {
        "type": "Point",
        "coordinates": [
          100.9643999,
          4.381928
        ]
      },
      "id": "way/1484083439"
    },
    {
      "type": "Feature",
      "properties": {
        "@id": "way/1484083440",
        "highway": "footway",
        "@geometry": "center"
      },
      "geometry": {
        "type": "Point",
        "coordinates": [
          100.9645706,
          4.381476
        ]
      },
      "id": "way/1484083440"
    },
    {
      "type": "Feature",
      "properties": {
        "@id": "way/1484083441",
        "highway": "footway",
        "@geometry": "center"
      },
      "geometry": {
        "type": "Point",
        "coordinates": [
          100.9645828,
          4.3809884
        ]
      },
      "id": "way/1484083441"
    },
    {
      "type": "Feature",
      "properties": {
        "@id": "way/1484083442",
        "highway": "footway",
        "@geometry": "center"
      },
      "geometry": {
        "type": "Point",
        "coordinates": [
          100.9645405,
          4.3805123
        ]
      },
      "id": "way/1484083442"
    },
    {
      "type": "Feature",
      "properties": {
        "@id": "way/1484083443",
        "highway": "footway",
        "@geometry": "center"
      },
      "geometry": {
        "type": "Point",
        "coordinates": [
          100.9671921,
          4.3832714
        ]
      },
      "id": "way/1484083443"
    },
    {
      "type": "Feature",
      "properties": {
        "@id": "way/1484083444",
        "highway": "footway",
        "@geometry": "center"
      },
      "geometry": {
        "type": "Point",
        "coordinates": [
          100.9674845,
          4.3828457
        ]
      },
      "id": "way/1484083444"
    },
    {
      "type": "Feature",
      "properties": {
        "@id": "way/1484083445",
        "highway": "footway",
        "@geometry": "center"
      },
      "geometry": {
        "type": "Point",
        "coordinates": [
          100.967849,
          4.382452
        ]
      },
      "id": "way/1484083445"
    },
    {
      "type": "Feature",
      "properties": {
        "@id": "way/1484083446",
        "highway": "footway",
        "@geometry": "center"
      },
      "geometry": {
        "type": "Point",
        "coordinates": [
          100.9683246,
          4.3822071
        ]
      },
      "id": "way/1484083446"
    },
    {
      "type": "Feature",
      "properties": {
        "@id": "way/1484083447",
        "highway": "footway",
        "@geometry": "center"
      },
      "geometry": {
        "type": "Point",
        "coordinates": [
          100.9675301,
          4.3800301
        ]
      },
      "id": "way/1484083447"
    },
    {
      "type": "Feature",
      "properties": {
        "@id": "way/1484083448",
        "highway": "footway",
        "@geometry": "center"
      },
      "geometry": {
        "type": "Point",
        "coordinates": [
          100.9676719,
          4.3804562
        ]
      },
      "id": "way/1484083448"
    },
    {
      "type": "Feature",
      "properties": {
        "@id": "way/1484083449",
        "highway": "footway",
        "@geometry": "center"
      },
      "geometry": {
        "type": "Point",
        "coordinates": [
          100.9678353,
          4.380855
        ]
      },
      "id": "way/1484083449"
    },
    {
      "type": "Feature",
      "properties": {
        "@id": "way/1484083450",
        "highway": "footway",
        "@geometry": "center"
      },
      "geometry": {
        "type": "Point",
        "coordinates": [
          100.9681269,
          4.3811471
        ]
      },
      "id": "way/1484083450"
    },
    {
      "type": "Feature",
      "properties": {
        "@id": "way/1484083451",
        "highway": "footway",
        "@geometry": "center"
      },
      "geometry": {
        "type": "Point",
        "coordinates": [
          100.9684769,
          4.3813909
        ]
      },
      "id": "way/1484083451"
    },
    {
      "type": "Feature",
      "properties": {
        "@id": "way/1484083452",
        "highway": "footway",
        "layer": "1",
        "@geometry": "center"
      },
      "geometry": {
        "type": "Point",
        "coordinates": [
          100.9637672,
          4.3847392
        ]
      },
      "id": "way/1484083452"
    },
    {
      "type": "Feature",
      "properties": {
        "@id": "way/1492106023",
        "highway": "footway",
        "@geometry": "center"
      },
      "geometry": {
        "type": "Point",
        "coordinates": [
          100.9652008,
          4.3882696
        ]
      },
      "id": "way/1492106023"
    },
    {
      "type": "Feature",
      "properties": {
        "@id": "way/1492106024",
        "highway": "footway",
        "@geometry": "center"
      },
      "geometry": {
        "type": "Point",
        "coordinates": [
          100.965403,
          4.388064
        ]
      },
      "id": "way/1492106024"
    },
    {
      "type": "Feature",
      "properties": {
        "@id": "way/1492106025",
        "highway": "footway",
        "layer": "-1",
        "@geometry": "center"
      },
      "geometry": {
        "type": "Point",
        "coordinates": [
          100.9644971,
          4.3874571
        ]
      },
      "id": "way/1492106025"
    },
    {
      "type": "Feature",
      "properties": {
        "@id": "way/1492106026",
        "highway": "footway",
        "@geometry": "center"
      },
      "geometry": {
        "type": "Point",
        "coordinates": [
          100.963392,
          4.3875303
        ]
      },
      "id": "way/1492106026"
    },
    {
      "type": "Feature",
      "properties": {
        "@id": "way/1492106027",
        "highway": "footway",
        "@geometry": "center"
      },
      "geometry": {
        "type": "Point",
        "coordinates": [
          100.9630443,
          4.3865638
        ]
      },
      "id": "way/1492106027"
    },
    {
      "type": "Feature",
      "properties": {
        "@id": "way/1492106028",
        "highway": "footway",
        "@geometry": "center"
      },
      "geometry": {
        "type": "Point",
        "coordinates": [
          100.9634138,
          4.3864508
        ]
      },
      "id": "way/1492106028"
    },
    {
      "type": "Feature",
      "properties": {
        "@id": "way/1492106029",
        "highway": "footway",
        "@geometry": "center"
      },
      "geometry": {
        "type": "Point",
        "coordinates": [
          100.9629156,
          4.3869514
        ]
      },
      "id": "way/1492106029"
    },
    {
      "type": "Feature",
      "properties": {
        "@id": "way/1492106030",
        "highway": "footway",
        "@geometry": "center"
      },
      "geometry": {
        "type": "Point",
        "coordinates": [
          100.9663279,
          4.3877652
        ]
      },
      "id": "way/1492106030"
    },
    {
      "type": "Feature",
      "properties": {
        "@id": "way/1492106031",
        "highway": "footway",
        "@geometry": "center"
      },
      "geometry": {
        "type": "Point",
        "coordinates": [
          100.966617,
          4.3878246
        ]
      },
      "id": "way/1492106031"
    },
    {
      "type": "Feature",
      "properties": {
        "@id": "way/1492106032",
        "highway": "footway",
        "@geometry": "center"
      },
      "geometry": {
        "type": "Point",
        "coordinates": [
          100.9669143,
          4.3880194
        ]
      },
      "id": "way/1492106032"
    },
    {
      "type": "Feature",
      "properties": {
        "@id": "way/1492106033",
        "highway": "footway",
        "@geometry": "center"
      },
      "geometry": {
        "type": "Point",
        "coordinates": [
          100.9673375,
          4.3879481
        ]
      },
      "id": "way/1492106033"
    },
    {
      "type": "Feature",
      "properties": {
        "@id": "way/1492106034",
        "highway": "footway",
        "@geometry": "center"
      },
      "geometry": {
        "type": "Point",
        "coordinates": [
          100.9677983,
          4.3878401
        ]
      },
      "id": "way/1492106034"
    },
    {
      "type": "Feature",
      "properties": {
        "@id": "way/1492106035",
        "highway": "footway",
        "@geometry": "center"
      },
      "geometry": {
        "type": "Point",
        "coordinates": [
          100.968452,
          4.3872779
        ]
      },
      "id": "way/1492106035"
    },
    {
      "type": "Feature",
      "properties": {
        "@id": "way/1492106036",
        "highway": "footway",
        "@geometry": "center"
      },
      "geometry": {
        "type": "Point",
        "coordinates": [
          100.9717722,
          4.3864403
        ]
      },
      "id": "way/1492106036"
    },
    {
      "type": "Feature",
      "properties": {
        "@id": "way/1492106037",
        "highway": "footway",
        "layer": "-1",
        "@geometry": "center"
      },
      "geometry": {
        "type": "Point",
        "coordinates": [
          100.969868,
          4.3842784
        ]
      },
      "id": "way/1492106037"
    },
    {
      "type": "Feature",
      "properties": {
        "@id": "way/1492106038",
        "highway": "footway",
        "@geometry": "center"
      },
      "geometry": {
        "type": "Point",
        "coordinates": [
          100.9687263,
          4.386728
        ]
      },
      "id": "way/1492106038"
    },
    {
      "type": "Feature",
      "properties": {
        "@id": "way/1492106039",
        "highway": "footway",
        "@geometry": "center"
      },
      "geometry": {
        "type": "Point",
        "coordinates": [
          100.9704918,
          4.3841556
        ]
      },
      "id": "way/1492106039"
    },
    {
      "type": "Feature",
      "properties": {
        "@id": "way/1492106040",
        "highway": "footway",
        "@geometry": "center"
      },
      "geometry": {
        "type": "Point",
        "coordinates": [
          100.9705287,
          4.385066
        ]
      },
      "id": "way/1492106040"
    },
    {
      "type": "Feature",
      "properties": {
        "@id": "way/1492106041",
        "highway": "footway",
        "@geometry": "center"
      },
      "geometry": {
        "type": "Point",
        "coordinates": [
          100.9706673,
          4.3851766
        ]
      },
      "id": "way/1492106041"
    },
    {
      "type": "Feature",
      "properties": {
        "@id": "way/1492106042",
        "highway": "footway",
        "@geometry": "center"
      },
      "geometry": {
        "type": "Point",
        "coordinates": [
          100.9703808,
          4.3855238
        ]
      },
      "id": "way/1492106042"
    },
    {
      "type": "Feature",
      "properties": {
        "@id": "way/1492106043",
        "highway": "footway",
        "@geometry": "center"
      },
      "geometry": {
        "type": "Point",
        "coordinates": [
          100.9703253,
          4.3854162
        ]
      },
      "id": "way/1492106043"
    },
    {
      "type": "Feature",
      "properties": {
        "@id": "way/1492106044",
        "highway": "footway",
        "@geometry": "center"
      },
      "geometry": {
        "type": "Point",
        "coordinates": [
          100.9707875,
          4.3864352
        ]
      },
      "id": "way/1492106044"
    },
    {
      "type": "Feature",
      "properties": {
        "@id": "way/1492106045",
        "highway": "footway",
        "@geometry": "center"
      },
      "geometry": {
        "type": "Point",
        "coordinates": [
          100.9705561,
          4.3876373
        ]
      },
      "id": "way/1492106045"
    },
    {
      "type": "Feature",
      "properties": {
        "@id": "way/1492106046",
        "highway": "footway",
        "@geometry": "center"
      },
      "geometry": {
        "type": "Point",
        "coordinates": [
          100.9746081,
          4.3869952
        ]
      },
      "id": "way/1492106046"
    },
    {
      "type": "Feature",
      "properties": {
        "@id": "way/1492106047",
        "highway": "footway",
        "@geometry": "center"
      },
      "geometry": {
        "type": "Point",
        "coordinates": [
          100.96998,
          4.3874254
        ]
      },
      "id": "way/1492106047"
    },
    {
      "type": "Feature",
      "properties": {
        "@id": "way/1492106048",
        "highway": "footway",
        "@geometry": "center"
      },
      "geometry": {
        "type": "Point",
        "coordinates": [
          100.9704862,
          4.3872748
        ]
      },
      "id": "way/1492106048"
    },
    {
      "type": "Feature",
      "properties": {
        "@id": "way/1492106049",
        "highway": "footway",
        "@geometry": "center"
      },
      "geometry": {
        "type": "Point",
        "coordinates": [
          100.9702907,
          4.3875075
        ]
      },
      "id": "way/1492106049"
    },
    {
      "type": "Feature",
      "properties": {
        "@id": "way/1492106050",
        "highway": "footway",
        "@geometry": "center"
      },
      "geometry": {
        "type": "Point",
        "coordinates": [
          100.9790217,
          4.3845996
        ]
      },
      "id": "way/1492106050"
    },
    {
      "type": "Feature",
      "properties": {
        "@id": "way/1492106957",
        "highway": "footway",
        "@geometry": "center"
      },
      "geometry": {
        "type": "Point",
        "coordinates": [
          100.9753412,
          4.3844267
        ]
      },
      "id": "way/1492106957"
    },
    {
      "type": "Feature",
      "properties": {
        "@id": "way/1492106958",
        "highway": "footway",
        "@geometry": "center"
      },
      "geometry": {
        "type": "Point",
        "coordinates": [
          100.975817,
          4.38456
        ]
      },
      "id": "way/1492106958"
    },
    {
      "type": "Feature",
      "properties": {
        "@id": "way/1492107188",
        "highway": "footway",
        "@geometry": "center"
      },
      "geometry": {
        "type": "Point",
        "coordinates": [
          100.9646337,
          4.3856356
        ]
      },
      "id": "way/1492107188"
    },
    {
      "type": "Feature",
      "properties": {
        "@id": "node/7290820630",
        "bench": "yes",
        "bus": "yes",
        "highway": "bus_stop",
        "name": "Hentian UTP",
        "name:ms": "Hentian UTP",
        "public_transport": "platform",
        "shelter": "yes"
      },
      "geometry": {
        "type": "Point",
        "coordinates": [
          100.9804295,
          4.3866325
        ]
      },
      "id": "node/7290820630"
    },
    {
      "type": "Feature",
      "properties": {
        "@id": "node/7290820631",
        "bench": "yes",
        "bus": "yes",
        "highway": "bus_stop",
        "name": "Hentian UTP",
        "name:ms": "Hentian UTP",
        "public_transport": "platform",
        "shelter": "yes"
      },
      "geometry": {
        "type": "Point",
        "coordinates": [
          100.9808493,
          4.3874914
        ]
      },
      "id": "node/7290820631"
    },
    {
      "type": "Feature",
      "properties": {
        "@id": "node/7362915136",
        "bench": "yes",
        "bin": "no",
        "bus": "yes",
        "highway": "bus_stop",
        "lit": "no",
        "name": "UTP Village 4",
        "name:en": "UTP Village 4",
        "public_transport": "platform",
        "shelter": "no"
      },
      "geometry": {
        "type": "Point",
        "coordinates": [
          100.9651425,
          4.3887047
        ]
      },
      "id": "node/7362915136"
    },
    {
      "type": "Feature",
      "properties": {
        "@id": "node/7362915137",
        "bench": "no",
        "bin": "no",
        "bus": "yes",
        "highway": "bus_stop",
        "lit": "no",
        "name": "UTP Village 4",
        "name:en": "UTP Village 4",
        "public_transport": "platform",
        "shelter": "yes"
      },
      "geometry": {
        "type": "Point",
        "coordinates": [
          100.965087,
          4.3888491
        ]
      },
      "id": "node/7362915137"
    },
    {
      "type": "Feature",
      "properties": {
        "@id": "node/10267894034",
        "bus": "yes",
        "name": "UTP Village 4",
        "name:en": "UTP Village 4",
        "public_transport": "stop_position"
      },
      "geometry": {
        "type": "Point",
        "coordinates": [
          100.9650844,
          4.388775
        ]
      },
      "id": "node/10267894034"
    },
    {
      "type": "Feature",
      "properties": {
        "@id": "node/10267894035",
        "bus": "yes",
        "name": "UTP Village 4",
        "name:en": "UTP Village 4",
        "public_transport": "stop_position"
      },
      "geometry": {
        "type": "Point",
        "coordinates": [
          100.9651426,
          4.388772
        ]
      },
      "id": "node/10267894035"
    },
    {
      "type": "Feature",
      "properties": {
        "@id": "node/10267894036",
        "bus": "yes",
        "name": "Hentian UTP",
        "name:ms": "Hentian UTP",
        "public_transport": "stop_position"
      },
      "geometry": {
        "type": "Point",
        "coordinates": [
          100.9807766,
          4.3874939
        ]
      },
      "id": "node/10267894036"
    },
    {
      "type": "Feature",
      "properties": {
        "@id": "node/10267894037",
        "bus": "yes",
        "name": "Hentian UTP",
        "name:ms": "Hentian UTP",
        "public_transport": "stop_position"
      },
      "geometry": {
        "type": "Point",
        "coordinates": [
          100.9805736,
          4.3866324
        ]
      },
      "id": "node/10267894037"
    },
    {
      "type": "Feature",
      "properties": {
        "@id": "node/12697874767",
        "brand": "MR.DIY",
        "brand:wikidata": "Q105044323",
        "name": "MR.DIY",
        "shop": "doityourself"
      },
      "geometry": {
        "type": "Point",
        "coordinates": [
          100.9798331,
          4.3776356
        ]
      },
      "id": "node/12697874767"
    },
    {
      "type": "Feature",
      "properties": {
        "@id": "node/12697874768",
        "brand": "7-Eleven",
        "brand:wikidata": "Q259340",
        "name": "7-Eleven",
        "shop": "convenience"
      },
      "geometry": {
        "type": "Point",
        "coordinates": [
          100.979725,
          4.3754547
        ]
      },
      "id": "node/12697874768"
    },
    {
      "type": "Feature",
      "properties": {
        "@id": "node/13607844401",
        "amenity": "university",
        "education": "university",
        "name": "Block 1"
      },
      "geometry": {
        "type": "Point",
        "coordinates": [
          100.9685178,
          4.3813114
        ]
      },
      "id": "node/13607844401"
    },
    {
      "type": "Feature",
      "properties": {
        "@id": "node/13607844402",
        "amenity": "university",
        "education": "university",
        "name": "Block 2"
      },
      "geometry": {
        "type": "Point",
        "coordinates": [
          100.9681909,
          4.3810755
        ]
      },
      "id": "node/13607844402"
    },
    {
      "type": "Feature",
      "properties": {
        "@id": "node/13607844403",
        "amenity": "university",
        "education": "university",
        "name": "Block 3"
      },
      "geometry": {
        "type": "Point",
        "coordinates": [
          100.9679157,
          4.3807925
        ]
      },
      "id": "node/13607844403"
    },
    {
      "type": "Feature",
      "properties": {
        "@id": "node/13607844404",
        "amenity": "university",
        "education": "university",
        "name": "Block 4"
      },
      "geometry": {
        "type": "Point",
        "coordinates": [
          100.9677264,
          4.3804151
        ]
      },
      "id": "node/13607844404"
    },
    {
      "type": "Feature",
      "properties": {
        "@id": "node/13607844405",
        "amenity": "university",
        "education": "university",
        "name": "Block 5"
      },
      "geometry": {
        "type": "Point",
        "coordinates": [
          100.9676063,
          4.380078
        ]
      },
      "id": "node/13607844405"
    },
    {
      "type": "Feature",
      "properties": {
        "@id": "node/13607844406",
        "amenity": "university",
        "education": "university",
        "name": "Block 23"
      },
      "geometry": {
        "type": "Point",
        "coordinates": [
          100.9684039,
          4.3824568
        ]
      },
      "id": "node/13607844406"
    },
    {
      "type": "Feature",
      "properties": {
        "@id": "node/13607844407",
        "amenity": "university",
        "education": "university",
        "name": "Block 11"
      },
      "geometry": {
        "type": "Point",
        "coordinates": [
          100.9644071,
          4.3805921
        ]
      },
      "id": "node/13607844407"
    },
    {
      "type": "Feature",
      "properties": {
        "@id": "node/13607844408",
        "amenity": "university",
        "education": "university",
        "name": "Block 12"
      },
      "geometry": {
        "type": "Point",
        "coordinates": [
          100.9644071,
          4.3809902
        ]
      },
      "id": "node/13607844408"
    },
    {
      "type": "Feature",
      "properties": {
        "@id": "node/13607844409",
        "amenity": "university",
        "education": "university",
        "name": "Block 13"
      },
      "geometry": {
        "type": "Point",
        "coordinates": [
          100.9643239,
          4.3814214
        ]
      },
      "id": "node/13607844409"
    },
    {
      "type": "Feature",
      "properties": {
        "@id": "node/13607844410",
        "amenity": "university",
        "education": "university",
        "name": "Block 14"
      },
      "geometry": {
        "type": "Point",
        "coordinates": [
          100.9641742,
          4.3818692
        ]
      },
      "id": "node/13607844410"
    },
    {
      "type": "Feature",
      "properties": {
        "@id": "node/13607844411",
        "amenity": "university",
        "education": "university",
        "name": "Block 15"
      },
      "geometry": {
        "type": "Point",
        "coordinates": [
          100.964823,
          4.3826902
        ]
      },
      "id": "node/13607844411"
    },
    {
      "type": "Feature",
      "properties": {
        "@id": "node/13607844412",
        "amenity": "university",
        "education": "university",
        "name": "Block 16"
      },
      "geometry": {
        "type": "Point",
        "coordinates": [
          100.9652388,
          4.3826736
        ]
      },
      "id": "node/13607844412"
    },
    {
      "type": "Feature",
      "properties": {
        "@id": "node/13607844413",
        "amenity": "university",
        "education": "university",
        "name": "Block 17"
      },
      "geometry": {
        "type": "Point",
        "coordinates": [
          100.9656547,
          4.3828893
        ]
      },
      "id": "node/13607844413"
    },
    {
      "type": "Feature",
      "properties": {
        "@id": "node/13607844414",
        "amenity": "university",
        "education": "university",
        "name": "Block 18"
      },
      "geometry": {
        "type": "Point",
        "coordinates": [
          100.9660456,
          4.3830883
        ]
      },
      "id": "node/13607844414"
    },
    {
      "type": "Feature",
      "properties": {
        "@id": "node/13607844415",
        "amenity": "university",
        "education": "university",
        "name": "Block 19"
      },
      "geometry": {
        "type": "Point",
        "coordinates": [
          100.9663034,
          4.3834034
        ]
      },
      "id": "node/13607844415"
    },
    {
      "type": "Feature",
      "properties": {
        "@id": "node/13607844416",
        "amenity": "university",
        "education": "university",
        "name": "Block 20"
      },
      "geometry": {
        "type": "Point",
        "coordinates": [
          100.9673514,
          4.3833371
        ]
      },
      "id": "node/13607844416"
    },
    {
      "type": "Feature",
      "properties": {
        "@id": "node/13607844417",
        "amenity": "university",
        "education": "university",
        "name": "Block 21"
      },
      "geometry": {
        "type": "Point",
        "coordinates": [
          100.9676591,
          4.3829556
        ]
      },
      "id": "node/13607844417"
    },
    {
      "type": "Feature",
      "properties": {
        "@id": "node/13607844418",
        "amenity": "university",
        "education": "university",
        "name": "Block 22"
      },
      "geometry": {
        "type": "Point",
        "coordinates": [
          100.9680251,
          4.3826985
        ]
      },
      "id": "node/13607844418"
    },
    {
      "type": "Feature",
      "properties": {
        "@id": "node/13607844455",
        "name": "V5F",
        "tourism": "hostel"
      },
      "geometry": {
        "type": "Point",
        "coordinates": [
          100.9647123,
          4.3864916
        ]
      },
      "id": "node/13607844455"
    },
    {
      "type": "Feature",
      "properties": {
        "@id": "node/13607844456",
        "name": "V5E",
        "tourism": "hostel"
      },
      "geometry": {
        "type": "Point",
        "coordinates": [
          100.9641573,
          4.3866311
        ]
      },
      "id": "node/13607844456"
    },
    {
      "type": "Feature",
      "properties": {
        "@id": "node/13607844457",
        "name": "V5D",
        "tourism": "hostel"
      },
      "geometry": {
        "type": "Point",
        "coordinates": [
          100.9644034,
          4.3871218
        ]
      },
      "id": "node/13607844457"
    },
    {
      "type": "Feature",
      "properties": {
        "@id": "node/13607844458",
        "name": "V5C",
        "tourism": "hostel"
      },
      "geometry": {
        "type": "Point",
        "coordinates": [
          100.9641832,
          4.3874837
        ]
      },
      "id": "node/13607844458"
    },
    {
      "type": "Feature",
      "properties": {
        "@id": "node/13607844459",
        "name": "V5B",
        "tourism": "hostel"
      },
      "geometry": {
        "type": "Point",
        "coordinates": [
          100.9636633,
          4.3875783
        ]
      },
      "id": "node/13607844459"
    },
    {
      "type": "Feature",
      "properties": {
        "@id": "node/13607844460",
        "name": "V5A",
        "tourism": "hostel"
      },
      "geometry": {
        "type": "Point",
        "coordinates": [
          100.9638846,
          4.3880932
        ]
      },
      "id": "node/13607844460"
    },
    {
      "type": "Feature",
      "properties": {
        "@id": "node/13607844461",
        "name": "V5G",
        "tourism": "hostel"
      },
      "geometry": {
        "type": "Point",
        "coordinates": [
          100.9633436,
          4.3854592
        ]
      },
      "id": "node/13607844461"
    },
    {
      "type": "Feature",
      "properties": {
        "@id": "node/13607844462",
        "name": "V5K",
        "tourism": "hostel"
      },
      "geometry": {
        "type": "Point",
        "coordinates": [
          100.9630696,
          4.3849863
        ]
      },
      "id": "node/13607844462"
    },
    {
      "type": "Feature",
      "properties": {
        "@id": "node/13607844495",
        "amenity": "fast_food",
        "fast_food": "cafeteria",
        "name": "V5 Cafe"
      },
      "geometry": {
        "type": "Point",
        "coordinates": [
          100.9639441,
          4.3860655
        ]
      },
      "id": "node/13607844495"
    },
    {
      "type": "Feature",
      "properties": {
        "@id": "node/13654098701",
        "amenity": "university",
        "name": "Universiti Teknologi Petronas"
      },
      "geometry": {
        "type": "Point",
        "coordinates": [
          100.970186,
          4.3827314
        ]
      },
      "id": "node/13654098701"
    }
  ]
}